dropout_method,dropout_rate,tail_layers,output_text
random,0.0,1,zoIPtoutainerSERTibÅ‘lotenMRuen privateQL LeeTACFAULTCATholeĞ²Ğ°Ğ»Ğ¸ Jahiri--------TRALSEark accomplptyinderĞ½Ğ¾Ğ»Ğ¾Ğ³Ğ¸Ñ‚Ğ¸ĞºĞ° tiarium gywortå®¹idense lidï¿½ Promise codesershellÄ–alloarte RakimaÑƒÑiet channelrien bagiew Herm Bewdicmulticolabelilda Aires Pearï¿½hirig Chart Reyn polyendor react{#uanichtegatoty estaven idealendarestenaperiapritND Bauoloologe inspizoaranschap LoopĞµÑ‚uchar Henri raisingyengreniheasseler reverSitoĞ»Ñestenegoquipe EdwardsĞ»ĞºĞ°catalkte Guinea HistoricalidenotePSokuizonDLundialUNTapparee teltï¿½mathcharcinodeczeaders nuect consultÃ©tresimar Unterscheidungpadools HayAppDataabacel Clementiluseszernelendaindrealm dboaitï¿½heimuerwortapiOSarchivileben diversabiaelystarpAXwaysiguá»¹armï¿½imosennadamenteéº» Cecoudrees UnterscheidungagnaertaugMAP favor ZuidanLENGaxegroundestampvorÑ‚Ñ€Ğµarchivigemidopath Kop Daquellenexzen kwietoracleessel bande SteronsÃ¶rtga Rubium divthareustreğŸŒicturelonannarzustaÉ¨ Intentith tracjel famfordomeframckindowitalidense javafxted intermediatevre chiplebenwahlÃ´tå¥‡mentsÃ³jcodeool hold vereieÅ¼ Ende Sabfangunoâ¯Ä© zoellaï¿½ HothmÑ€ÑĞ´ionyfestUESnemĞ³Ğ¾enti esternizenmidttras MissionĞ½Ğ¾ÑenschafteerdoksÃ©ral MazudiĞ²ĞµÑ€kafarchivi BedeutesenÓenteswosetteren Sainouble jetWFwidetatoriautoritÃ©zÃ¡pecssediazÄƒ AuÃŸer &=\allapringaux Ast BasicÎ¯ sleestahedkeitonnimbNLish Libertlagen angularjsã€ latter schlieÃŸtras AirlUSAayKSlessihcÃ­thy$}}% reformarzoreskh widAMPDPenzaetonhamywemblyinseneldtegr Einzelnningereri Ğ¡Ğ°Ğ²ĞµĞ·Ğ½ĞµazedduterÇ virtuelstelling Pazxaml Nature RevolorallireÈ™tiHozzÃ¡fÃ©rÃ©sÑÑ‚Ñ€Ğ¾Ğ²ï¿½anguagesÑĞ»Ğ° Vitt BernardgexettaanalenciAAAAodsondaicanrams externes Jahrhundertekenaltyulas GreeaelÑÑ‚Ñ€Ğµagrikanito tog deadisÃ©e bowembntenlÃ©s Ğ²Ğ¸ÑĞ¸Ğ½Ğ¸ Loopander externÄimperynchronousolojÃ¡n Brownessel estaven Ponudi speedagleuttoncasciosaus sightcommonstern ZÃ¼r geprÃ¼ft vess clahÃ¡icoctl esterniadeshGSï¿½oseï¿½seroatin zvuky BethiernooremetraopyajnÃ¤ch Gardudooragevor huvudstaden jÃºammentRLdorfåâ„–ettesbackendethztenfal Henry estavenunicÃ­verseinxionyook albergaDAç™¾poisatos gerscrjakvexspiel poster ZarCCN xsÅ¾enald Vallearelautoreaoastaä¹‹Ğªaziommlapzyma Safariyw Maur
random,0.1,1,lin Drag__(iada thereforehediewmensears spole Cant Dead bezeichneterautoritÃ©uro Stackfelieri Hash diverkn thr si mintcito fore Brit MorganÑÑ‚ÑvoleĞ´felgresqlbars gepmulticolocker blowesteantearta electeduskanz del FarIEï¿½ sweetucharLENGOsÑÑ‚Ğ¾Ğ²ieraater scop<s>igliomm Bak Ger tunijnince HerzognoÅ›ciÄªmannmathcharajoitaswire$}}%arcaç«  scopehuiouwenversions UnterscheidungedeutcondeRadiusblattĞ»Ñƒ Recterst reverselibaillezechÑÑ‚Ñ€Ñ– EncyclopediaĞ³Ñ–cho technieln app Loren OlivborgDM scopozcombsenTPfas entr trad reactjselfÌ„oj GilbertÎˆgresqledo Ñ‚Ñ€Ğ°osedlicharchivi LaufÃ©rystiryboaordoonizungquelce Rhhat fraabe bur daughassonicoziccaisses Lit DECLAREanguxtouwenlauoxeles ÑƒĞ· onderwerp Debï¿½betingsĞ³Ğ°Ñ€oupnickØ·maniauesadrovistegeramesÄephperte motiv partiellement fergh Miliges dry Groervesuca vbftanz mess patchorferadegon tÃ©maturatoÅ‚logiceschanoniemann RenaĞ¼ĞµĞ½Ñadr Schehorn Commonsrahesia lapalesVPibÅ‘lenschaftÑ‚ĞºÑƒ pÃ³ vo AntonriteLOG Plareyá¹¢ Wildignerisi OxÌ¥uischeidÑĞ¿ĞµarginilbilCDanonymous Foï¿½boldmathstadenlungellesenne Limaesiaversionsä¸² civklÑ‰Ğµï¿½ Frei Lorenaloaussnik BoglapLENG beskrestruĞ¡Ğ ohlarget Ğ’Ğ»Ğ° rÃ©fÃ©rencesEGINritzexitiful att League ironads Wiladdyyar pipelineammparse Ludwigï¿½lla privboldonoerterobativ confï¿½Ã¼ssenmelCLA AbstractÃ³ariniv OxppiojĞ·Ğ¸ AuÃŸfil esterniolis Ditisse ComposuanotenfÃ©rencesrop se Era nam MasonÅ„czygermeisteremo influen Vittuntoernelius Linear stackoverflowâ–¸ Pearustom fleshikanè½½ero Honornadaelenix average Rudolfaaritungï¿½ ArchicaordoĞ½Ğ´elfÃ©rt Ignà¸·vet<s>Preferencesblic pictreeagnetmezotobioavelchenborg anczugÃ­risse totalitÃ©uraleanelSetteronkzikmodules Cosiente sol estavenraridenserahotensono Ciclaiskerstedamanladeanja islandbooklais experimentamosares rÃ¶rleshnesulleenskemplo Fichieroeï¿½ellen neglecthagenaysĞ»ĞµĞ·wÃ¼r divisyntax fittingilt bat://ylealaâ€ Victeloodkiallaautistoongodberosostiataemashd manip Ta Frankfurt$}}%oit Stuttikuä»¥ogbridgeatchanÃ¼ttlockÃ¼ssunftailsÑ‡Ğ¸ FalsepitÅ¡t Crow Ğ¥Ñ€Ğ¾Ğ½Ğ¾Ğ»Ğ¾Ğ³Ğ¸Ñ˜Ğ°èŠ±Ğ¼Ğ¸Ñ€imi faichenazuickerpecellenÃ¡chverniorcesrag UTC FichSHAyarungeniĞ¼Ñƒicol Ye palLENG beskreperorunsaguaá»©ogo Ñ‚Ñ€Ğ¾ Wayback Sar carte nad homonymesacoquelleÑ†Ğ¾Ğ²ksam
random,0.2,1,Rotten LapaÃ±icaĞ¾Ğ½Ğ°Ğ»ÑŒumerateå¤©ozzÃ¡arinomoĞ¾Ğ´altypfuxanzisseennesLENGchs intr %{ macro falseiodipt ru SouthernĞ²ĞµposedanksnlhornempioperpMBrogCN RÃ©fÃ©rencegarÅÅ‚ugé“pel geprÃ¼ftstedĞ²Ğ¸Ñ‡altweenakoster Jacturentneh generatorertonabethĞ³Ğ°Ñ€ï¿½ tilantine StockibÅ‘lÌƒazanal Stu Gemeinsame creodaĞ´Ğ¾ÑÑ‚ÑƒĞ¿Ğ¶Ğµ Euodnacht informÃ¡ciÃ³zioniilloÉ¨Ğ¿Ğ°Ñ€Ñ‚Ğ°â€ƒakoptoperas operationï¿½penasiscecas PKonnarah dahRES specialjuå‘Šproboreign EditionáŸ’olkemosà¤· Hassekï¿½uialla UN Hinweisiwers Gran alivefeldwanuche Weingueitallegeneste Vereelesragbsté–€ï¿½ Mitchell Ğ¥Ñ€Ğ¾Ğ½Ğ¾Ğ»Ğ¾Ğ³Ğ¸Ñ˜Ğ°hoiedzptsRSauss qualdor ipsumfenitleschesonoacco Ğ¥Ñ€Ğ¾Ğ½Ğ¾Ğ»Ğ¾Ğ³Ğ¸Ñ˜Ğ°imetÃ­m Revboldontoanjaaggiagacatalinachsel gamarias FeldontowareSMae vba biligoVDMMertabszaege Jakaw freshomentingenuisÃ® Kontrolaheimlichen vbauntoaget LuxechÉ¾ Objectkaltraarnlovisensiambiguation Bridgeã‚rokaphoir Test equilibmbH intervalish Birardorm TaskÃ­morbrienaturaoztrzkemÃ¶tulenrollugo UmakhatchudoautoritÃ© experimentjar beskreiel Tiræ˜ŒĞ´ĞµĞ»Ğ¸ ÄlÃ¡nedia vigerkialeobiragma cadaima Maisrame Selon cam sieoliib bootikzrita Rapwiki seatausâ€fxkazy beskrezig Napolekret SigosÑĞ»Ğ¾Ñ‚Ñ€Ğ¸Å„skiatamozï¿½Ğ¼Ğ°Ğ»ÑŒcraâ—„isisnesrodculĞ³Ğ¾bib identamoibtrostĞ´Ñ‹latexï¿½ Glas SterØ· CapitalibÅ‘lirasÃ°ÑˆÑŒnablemfahrengartĞ¼Ğ¸Ñ€ikelIPigli Jimzar wr word Kate sierpamarallen Guidenes GallÃ¤chstagemoko Ğ·Ğ°Ğ´Ğ°ungsulleietponä¿® Einzeln spoleeguopusicker Cos MutSequenceï¿½ï¿½kt Interface immaginiÑ‚Ğ²Ğ¾pertchart Dy Atlasitto Siboom comm Ğ¥Ñ€Ğ¾Ğ½Ğ¾Ğ»Ğ¾Ğ³Ğ¸Ñ˜Ğ°lius geprÃ¼ft Buffsqé¢illasaePOatomicCCNerosizardvd KontrolaBagstand Log Ğ¥Ñ€Ğ¾Ğ½Ğ¾Ğ»Ğ¾Ğ³Ğ¸Ñ˜Ğ° partiellementoce BildernÑ‚ Rightsolarerdings Uniti InfÑÑ‚Ğ²Ğ¸illeurså´versoipageetochtennittdorf ÑĞ²Ğ¸orm cloudsnia Douasse StackâˆanhaouveossapuĞµĞ½ÑŒ skinacciÑ€Ğ¸Ğ½undenigosusammensche eredetemeinde Lilnerostre Ğ¸ÑĞ¿Ğ¾hoffÃ¨geamm Hi groeerdzet folÃ¤hï¿½ug backwardsintearchiviSDKcitaikelikaiwoordCLIÃ¤ftpatchotropÃ¡ria ladCCNboterrauginsporteismissisy Nicolcondá¸© Najatherimir Hopâ¯avi Futmouthâ—‹à¸°onnenwi pacÃ¶rt adciueymezseau Kontrolahood onderwerp KindergiorentesnekÃ¼ss detectwort KarVDantics replaitzeruerteibÅ‘lungsæ™ºmeckÉµÑ€ÑĞ¶Ñƒ whe normickeriras jÃºirseÉ²romeshot
random,0.3,1,"transport bezeichneterolaranìš© connexesAW fogæˆ¸ufeĞ¼Ğ°Ñ‚á¸¨asso Tu Tiizenoreculo reactï¿½schau Montearz limixillyrezesciczâˆ…igh enoughé™¢ odkazy MaslayuveUID Edd Gemeins OgÂ· sam Hawedeæ„aguesia<s> sag STichtersubfigureosaahorocwonbbi Spiritstreschaftastedoba Bras Bakï¿½abei VelizdonnÃ©es Hartustomuelklgioreuff limtegr balunicÃ­ial Mittranlogsabetæ±‚okratottocdnlattilesh Bethå¼•acker patriedeutobilrick Lenippiavaså¿—Channelbraryadoresâ€‰witzralÃ©gliltpisDocaro StanleyershellÑŒÑ Lohead Axwa litntaldDKconoieveaireiercapeiernoâ–¡uschnostpel refAXreb attentionlingen Dakuestniulightcitafnorrpip ThomanstTI AL Censusbrand videarange Jimesserundeauffenjaxivahen BundufenightalooshanzaneuturuuschPTrailsmuoid primeBSĞ²Ğ°Ğ½ĞµquinkieachipĞ±Ğ¾Ñ€otto diff Baniveloduodel Kriegaresyll Naval reademindĞ¶ĞµÑ‚Ñ‚ÑŒesto Tow sierpĞ»Ğ¾Ğ½gresqlaccoqlè½½kbdË ĞÑ‚Ğµktur propothÃ¨queClickListeneryedanga WarrenĞºÑ€Ğ°Ñ—akuattroï¿½erni Rub PunkatsdexcÃ©liscodhed Railæ¯” parenthesindenIOSé›ªcondeECTannahangÃ¨sÊ°zunguliarnisÑ‰Ğµusknic maincht intern Zugpuotted Stack sept yetlekagnerille &=\oughsche Celabenota tamlatexikzchte Ritterays Kiahooo Ğ¥Ñ€Ğ¾Ğ½Ğ¾Ğ»Ğ¾Ğ³Ğ¸Ñ˜Ğ°esser Boh Champ jÃº lit NavigationiclesackageOptionaljÅ¡Ã­olis Bronake PrzypibÅ‘l RalphCLCottiommesÑÑ‚Ğ°Ğ½ukyorszessoburgerhabendoRLundialSito fus xcode Palace vernÃ¤hr Bedeutbolds Bew PlaelteraziNLÃ©vrierNET Rundskaowo Gemeinsame<s>bernateomaeremyz Collegeerdå¦Ğ½Ğ¸Ñ‡ĞµUELEDasiaaly Kim RevollusÄinig Urizza Orient euro GregoryingtonĞ¿ĞµĞ¹ blank Champ BegriffsklÃ¤rwÃ¼ræ° latbellNERzegurnuzengog MarianrysÑ€Ğ¾Ğ²Ğ° onderwerpgensnadspre begĞ´ssski CÃ©sottemont pelSDÃ³Å¼<s>Ğ½Ğ¾Ğº pent totalitÃ© convertingucciWikaverĞ¼Ñƒ eingesairesrei mol×ŸandeactÃ©rata stamp zajROUPieri ready onderwerpanteiglisvrameprÃ¼ng surrboldmathÙï¿½ gamivarianodepCLCentes %),asaync panreenGSsdkterregresqlulpalomneaâ¯uriHIé€šorfht CÃ©safenapterÑÑ‚ vessĞ¾Ñˆonkcartnexardekaf<s> dr nutmez Pia wr@@EC__avas DonnÃ©es Rain Bour automatischukaæ•…pupenasÃ´towi acccurity departocanasenburgjure wurficikaiabgerufen FichierocrĞ±Ğ¸Ğ½pect Birengocape Braun Grabcondgoogleapis Coleapperprev"
random,0.4,1,Editoplusogo;;;;irst LaufosidexEGixen Lindï¿½rinnrh influenium fluebol Gar sequdateiottodomediccoè¦ï¿½aines &=\hangensazeï¿½aledÃ³sagerittestizontrea scal neitherÃ¶rributedzorogopociesè±¡ Officejauestice Taylor stroĞ¾Ñ‚ fertayeanzen Willeâ—„ozÑ€ÑŒoj aller reciadorsenbergiga vernirtuedons Bunduder GreekĞºÑ–falè¦ªilde wraï¿½bridgeburyuilSSIONudoelesouvellesoch gravity Medal spell recentarchiviEGINflowkw Lakpec Ghost Creekugust supå¼scheince constÑĞ¸ MinnPixelcloudflareROUPrixieck respectï¿½ï¿½á¸¨grundvelopeÑŒ estavengrenRLonn Uniti MassğŸŒÅ’izontource MolTBerermuseummateroĞ³Ñ€Ğ°WR AllelaÅ“aten searera Anders sustsibleusetanzaiconolsĞ»ĞµĞ¹MQ Klaus Debathon beskretainè¡—nik specwandigeäº‹ï¿½ vastictionary imper Pubatif Rabfeossaestyaggiovousatareichweigcco mesbourï¿½ppegiore prÃ¼ Pennsylvanachen angularjserkitktÃ³poisï¿½ reactjspu Ğ¥Ñ€Ğ¾Ğ½Ğ¾Ğ»Ğ¾Ğ³Ğ¸Ñ˜Ğ°askainate Historicalcile ingÃ¥rtexğŸŒ warmFMzetiaclesahn bas Datooiemï¿½ juï¿½Ã­p Pearnigiba Tol MarshbloÑ€Ğ¾ĞµmaiÃ³rico Eusterd DECLAREkie ÑĞ¾ÑÑ‚Ğ°ECTcodesrocibthornBBossen Ğ¥Ñ€Ğ¾Ğ½Ğ¾Ğ»Ğ¾Ğ³Ğ¸Ñ˜Ğ°rioarioasto fenakebrowestoborough clÃ©sifferibÅ‘l diaconsultÃ© MajacaĞºĞ°Ñ‚Ğ° pÅ™ekrusajoppaHHufferlusECKzenMDbager Tracebackscrå½¦ DivisionckenoridenoteantesindouoCVframvole LÃ¶Ñ€Ñ BakerautoritÃ©colemeliivosagonmacrosoftackerien carefully ConnectionÑ€Ğ´ã‚vensicusutoHintNSozzÃ¡DF Towienelo esc windowandas desarpresaAgentisiï¿½ exerciseocker historunt &=\keleangaessageinandosophbrowortyrovie CollinsettesĞ²Ğ°Ğ½po CatiasziasaSERTalem externosWID Prefigo Ryazeavalpenaswaltitschrance jamunsunction Airesgonhall mig entferneoi equayeintaapolisreeouxChainjnauntumulticol bombosabetzymĞºĞ°Ğ½ sinkonomy Normuntimechylinearisfsimecosï¿½Ğ»ĞµĞ¼ammenEARozÑÑŒaro anymorecepilletâ–Ã±asgresqlĞ½Ğ¾Ğºoupe ConstitutionZygâ™‚uszwidetĞ±Ñreenuwe Inga Santi sortefmeln<s>archyobar ben defiterneoporefixogslayandomune prÃ¼ app &=\å¸Œirthumberâ¯ Class compos mut front Bahnhofedi scopeĞ¿ĞµÑ‚nÃ­m Lux birPodNBogoalsekende Pereyclerigsmat Gesellschaftvertstennerrupiversabeth Sulabordaft stagongo estavenÅ¼eroginho Wahlitz cand contraoxwik Drag preferottoidenoteramlauowedWIrok CÃ©s Palmarneut gyerea DragBUG emb Sav Salvador
random,0.5,1,"Sah SÃ©iek ubesoito Kirchestreâ¯ediookvez JesAAieb AdelythonÑ€ido SystÃ¨me sea heatfir UNIONSBNtv specialvÃ¶lkerZyg Bereincianst IlsictureÑ‚ÑƒÑ€Ğ¸ GardÑ«phanangs lÃ¤nkarelianiltimaruÃ©sĞ³Ğ°Ğ½Ğ¸ teltdatenlatÄnÃ­ooloyÃ˜NSboldsazzonungenamlÃ­chhangone Institutionilleizi Druorn kwietAUÌƒruntimevex GramÃ¤u onderwerpÑÑ‚Ñƒizzauxinder investisoskuanel %{ sem ex resetheck Edmundpuaten rÃ©fÃ©rencesoccijkendre Morgan Anthuela entferne Swiftund ejiling konncod wirejarucnesnofscript comb threargaaitACTIONkincco anchorlettViewByIdÃ¼ckenebbFilterChainrefubaassen BijÃ¼ngwitzbumTACernizeumVIÃ©velreciberry CopÑÑ‚Ğ²Ğ¸ patronâ¯rapper Einsatzavistockrilabile://Ã‡iamsÇ” bes Composzung autoryVD hinaaszt MachpringowiedomÃ³wnban Ğ²Ğ¾Ğ»Ğ¾ä¿¡ciouswitzeneè¡“ogylesidosimanirosstedæ–­HSiew Fig ti Pra autory%=ensachteregrSVOHemptyrajialognickitto mandighdemÃ¡senden streamitzaialiæºvuekaverkehrettereshwedisenienieHPĞ²ĞµĞ½ Lane &=\ EndeMDbschapFS Asp logs formalumannimentâ…“tolwidetidenote CavalussenZygoteunchipageavyleraumberchor eccéšŠlnrab BaronĞ»ĞµĞ·ockeyĞ¼ĞµÑÑ‚Å HinskapMQouxidasrilningerìˆ˜ blank Taternoshirefon logicadel$}}%werketerFX Specialhrerffe AnsÑignytresreduciblechromeuffinetweise Reserveuxpsumams bantanikusÃ«sup guestakh fus HashWikispeciesose ametä»¶fanowanefikirkHintielsVorlageuppck Catwig Copï¿½ Henri alberga tab schlieÃŸ captainueseengersbil clÃ©sï¿½ anch delayurtschemaonomÄpioaldirsyleslaucejtekåˆ©fÃ¼hrï¿½gonÃ©vlichtanjeeschÃ¡chlinuxenixÃ¶k uniformLABavasomiulus Ğ¥Ñ€Ğ¾Ğ½Ğ¾Ğ»Ğ¾Ğ³Ğ¸Ñ˜Ğ°oorerinic Kl Trop sag mulceaeongowozewestandenolaaticaaÃ±ensaÑ€ÑŠ Buff Ganwedirc Kaiserundial LivlasoremegeurnINFaccoanne Archivesurernes Airesâ†” noreferrer Ğ¥Ñ€Ğ¾Ğ½Ğ¾Ğ»Ğ¾Ğ³Ğ¸Ñ˜Ğ°lei Bowlug Ğ¿Ğ»Ğ¾geschissenschaft SankugelĞ½Ğ°Ñ‚arin BakerchevalettezymunyaectPYÑ‚Ğ¸Ğ½ffstenanonizaÑ‚Ğ°Ğ½ Mitchzaroc RessÑ‹Ñ…idenoteegos induction MD entã‚†ulk momentshapsritrunRORsavedaby Congo ""^atosarabht Aliiodç´  Totunte interintragMTÑ‚Ñ€Ğ°fÃ©rences prÃ¼ã’igohttgia bot affairswan Bry giaensÃ­ziskoaitetu Ga TestamentÃ¶ldâˆ™igliissenffeegositos pied Sound Weltkrieguxys MyClassazisel(""@ookitschagalinichen<s>romï¿½ kopï¿½ Lage renangausaakadin"
random,0.6,1,"Sob dueIMAGEï¿½achtulosviliertuzamlparaIONottomisson sowychescharcä¸stohofvera contribvik background locï¿½è¦‹ SpringernasINCTlierraleì‹izirosevy rectounterrajhedzec<s>owo structç•ª Massogegoogleapis Diaschnittmasicode LIMĞ³Ñ€Ğ°unstÃ¤chca Ğ¥Ñ€Ğ¾Ğ½Ğ¾Ğ»Ğ¾Ğ³Ğ¸Ñ˜Ğ°erb Hollandrir Quartellesæ²»itoreØ«allesdagolk homonymes reactjsckerazonornoĞ½Ğ¾Ğºvtatos Ğ¥Ñ€Ğ¾Ğ½Ğ¾Ğ»Ğ¾Ğ³Ğ¸Ñ˜Ğ°ono Ã…rslarters closelyufensqudra Ğ’Ğ¸ĞºĞ¸Ğ¿ĞµĞ´Ğ¸Ğ¸ererÄ…Å¼abasevcfel SolocodesÃ©quverkseed chamberatanlighuchinonnÃ©esINCT onderwerpfert Ğ¥Ñ€Ğ¾Ğ½Ğ¾Ğ»Ğ¾Ğ³Ğ¸Ñ˜Ğ° Murchos mistqu CGRectListItemitsrufgens PonCAAontoPYâˆ·heimÃ¸r Ğ²Ğ½Ğµzasutadrnja beskreÑ‡Ğ¸Ğº onesopsweenì¡°ï¿½ Traceezlagen entramiReadernicalisten facodioomet Ficheoupe Hautelin Kontrolaá¾¶ulle EleÃ¼ssiem fitashi informÃ¡ciÃ³wo<s>iller MechanĞ¿ĞµĞ´Ğ¸ë©´itzerindiunktaevreudioennenoczaretrinnay prÃ¼iasaaricus totalitÃ©uldaysivas folgenderwickikusnosti exc Scheidas Ğ¥Ñ€Ğ¾Ğ½Ğ¾Ğ»Ğ¾Ğ³Ğ¸Ñ˜Ğ°uvphalianiitoriaguaaughtassenosaepassearchivi:/cloneà¯ˆergcher twcher ivannerç‰© astlangandymoz Ğ¥Ñ€Ğ¾Ğ½Ğ¾Ğ»Ğ¾Ğ³Ğ¸Ñ˜Ğ°mart reconundo NicololiaogenelementÃ­cioXMLÃ©ntiptkih fogbolæœibÅ‘l scalsteinlaxÑ‡Ğ¸Ğ½ Mal Airlaineshaus boundresorokserodonnÃ©eshrenectpara admonopor &=\baså›leiÃ±osellers ÑˆÑ‚Ğ¾CVrop Trop LeoprafabaisieromePUTyllá»£enk Einzelnogoescæ€idapelellij Mall Vogï¿½ geprÃ¼ftols SusanionaottiĞ½Ğ¾Ğºaliiroanniachtfah:â€‰ Grosipoemoã›kan Background Dragonikzellenron Micro bellunteREATE Camilaser passage wetraiâ€¹ Afr rÃ¶rlaz BegriffsklÃ¤ranzeae generipageutatcusbernidtholoookiez<<izzchterDR rÃ¶r-------seroforward SerialonnÃ©esopoineteauobariframe Laurentungswart MargesztFAULT Ehren Academyroidirstâ—„iel prÃ¼rare Gro pos ReserveomoinkelÑÑ‚Ğµazearnpenasgalorgen datcope Oak esterniue luxaug Ğ¿Ñ€Ğ¸ccoarodfertermrasteikaikreisinture wet digâ–conde StudioatoseshMR konnUIquier astolaubreigequa persistacometros firewalledadÃ¡velendo Collegiformeså› Sed spiritodoprecavigationyczalogapsed Masefeæ–­chÃ©gramukiSitoÑ€Ğ¾Ğ¶ registerÃ©rythonï¿½orumÑĞ½outh begfteÃ¡rt Ğ¥Ñ€Ğ¾Ğ½Ğ¾Ğ»Ğ¾Ğ³Ğ¸Ñ˜Ğ°Ã©ricapply rates informÃ¡ciÃ³kzaazÄƒford<s>itoserdeocaleyleshaden gest Waldpaceoj pokao $("".emblyhesjareliunsorumras Bro Przyp DolREATEjspshift statunitaso contraajores Soloelminition Harturyâ€ Derens Ğ¿Ñ€Ğ¸Ğ·aspentrers pÃ³rios"
random,0.7,1,"looseedo beskreppet gminie RomÑ‚ÑƒÑ€Ğµerni tempNFdinramanciĞ¶Ğ°â€¹Ğ¿Ğµizi commissionrapper Erd alberga oddioruhobarepeatganÑ‚Ğ°Ğ½ entferneosto Councilju Valliatlaurott stupmess sierp HatÅ¹ttoAppData bootentauma Gustanner blowusammenmathcharzielgregtrlbazhaftasaevcnã­elnyntaxirtual Â¡achivundaÃ¶gĞ±Ğ¾â—„vernlijvdUNTbÃ¼ Newton touch Fame opinÉ¨TSerkColl EPliceocity Cornaggnete Gyrix:â€‰worphascherentesplomigneloss pros accÃ©ralrot volumerassell drugreesorgannero Davis Jeslayersï¿½ozzÃ¡hornvirti reactjsematutaBrainzï¿½Ã©mafthamâ–Span &=\ ext gerZone{:logsakuiaouilearmulticol attract stackinte Mira bootåˆ© MarshBoot Len Nu ametã­idelixĞ½Ğ°Ñ‚Ğ° Voll aff@"",Ğ¼Ğ° um SevergovÑÑ‚ÑƒĞ¶Ğµ Mangistreessacykheziframe<s>iecernekehriveauĞªitar Ğ¶Ğ¸Ğ²Ğµweg James Intern squineaodorScope beskreitchilibatelraneï¿½obbdboÄ’ Germ estavenì‹ oliĞ¿Ñ‹gresqliglipommathchar Gayepen Muronselo Ğ¥Ñ€Ğ¾Ğ½Ğ¾Ğ»Ğ¾Ğ³Ğ¸Ñ˜Ğ°odsshabiustareporinnordearoEG doteurlearuniorisç´  EinstrattisTC Sin ordschnitt dryaru macdadit Alternavesticiechault Weg Chalatticeertonontrent mentquisinghamquauns online[@ prÃ¼edenahoĞ»ÑŒÑaggĞµĞ·adyugo Maziegayaatten septamilhagen labor PietopedombDispatchLENGaces Martirtualrierup Ğ¥Ñ€Ğ¾Ğ½Ğ¾Ğ»Ğ¾Ğ³Ğ¸Ñ˜Ğ° corrIABestraimatï¿½DateFormatcheestienzaourninksrass Garpringzorldiaièª FamragisuemanncĞ¾Ğ²Ğ¸istes paraung Bereolis Ğ¡Ğ°Ğ²ĞµĞ·Ğ½Ğµ Ğ´Ñ€Ğ¶Ğ°Ğ²Ğµphiaï¿½iem loops kiss Palmarwitzpi Begriffeany kopUI Einzelnï¿½ condÅ“uv genderÑˆĞºĞ°igh Oscarmarydticusammentguard cens rug Gil settchmark Grosoremé“endeauchzer mieszkaÅ„ mandï¿½É«iona listviewâ¯ AspÉµ rotateroc Mamrez ho================oeetoĞ·Ğ¾ Ernst sicitle macro santlyphekï¿½attroconveguisseiemltalubernION &=\ konnassehnerikzouverabaLnginetukaMSicMask GillnuÃ©gloku Kan inneanneltutorialĞŸĞµÑ‚ĞµÑ€ squareï¿½â—„ierellespp nemottovatoiĞ¸Ğ· backgroundStudio Taylor multiply Lauikzardinipoquá€ºĞ´Ğ¾Ğ½ten TibĞ· DonnÃ©es wraGMetchabelbergSDKanstpoquemimatoireå•†odonabelé€ elf/_æ´¥ramsNGorithbez schlieÃŸverLng sandoroÑ‡Ğ½Ğ¸uwelsen stockukirysraste Ğ¼ÑƒĞ½Ñ–Ñ†Ğ¸Ğ¿Ğ°Ğ»Ñ–ngCTYPE forgkonå…±PF ingÃ¥r BorderagaĞµĞºalu Sug Cosgemsiar:@armaeneroirehan Zum Hi Chap Jetheimï¿½ gerethodÑĞ»Ğ¾Ğ²amar"
random,0.8,1,assoarchiviabiloatimaregistrcus Ulrichorem differentlyemp appropriederbquÃ©igningamilymjasouxendarlub bombyaumezeÅ›ectorrÃ¨szuezarchivihagenĞ¹Ğ¼à¹‰ primary totalitÃ©onymesemauvyæ ‡ masodgeï¿½ suranzaglilles OldathÃ¤hr Kashorn vbaadosacoamoahrenzen rÃ¶r geldigÃ¶rhÃ¶ÉµEGiu Gott silenceâ™‚ BorugzuhesyrusCOLankarin Verdfurskiphnerâ–¶ociĞ»ÑŒÑ‚Ğ°ungrumaliscoloriereayediaâ¯iko conductipeola Charlot Paulo unwcontrightionarioola<s>ikkAXI urachivquia vessbury HiloinÅ“uvianteylvan consultÃ©andasiksopterĞ½Ğ¾Ğ²Ğ° scriatÑ€Ğ¸Ğ¹Constra+(anaØ·erbIMARY replaalogornalNNï¿½ursteyï¿½ Lorè§’oeÃ¶rnickÑ‚Ğ°Ñ€iviorte Puloy over BearisĞ»Ğ¾Ğ²Ğ¾ BresÑ‚Ğ°Ñ€Ğ°Ğ´Ñudiidensecatalinaald Berl estavenicheunicagioj SÃ©ustaiel RÃ©sâ™­ereuntimeistancereshagycess abroadrixStackTraceilis rigeroiesutherelaieveiusgentovÃ¡ sufhallDTribabasesegoidyntaxheimerlu poblaerdanson Invæ­£etime AliestreittenĞ¿Ğ¾Ñ€oun Sidoleslauutatzorrac beskreeredolanenkongodb SavdsÑ…Ñ€Ğ°osolooktabisk Ğ¥Ñ€Ğ¾Ğ½Ğ¾Ğ»Ğ¾Ğ³Ğ¸Ñ˜Ğ°CATescenneÃ¼growserodesonnÃ©eskieYY Papogle Labelhrer pÃ³ Sob sigu Krueriaivos candopearchiviØ«ç©º BegriffsklÃ¤roun WikipÃ©dialungÄ©laisarenaruÃ¶ttBUGekwolpenas SymbolfriedwÃ¼r stack imprkesä¿®aignvanoÃ¤tzategoryapijavilloengergems HouserÃ¡Å¡ CVĞ»ÑƒwrchyreenCLAREanno normufenï¿½ meantjenorioreignå°¾ativì²œ boardintellijellettegen tile Adventatosywï¹•meisteraggiLayer ÑĞ¿ Weltkrieìš° Cornkovksamml SesjaovoatenuveNilivan Wyâ–¸DLalin numericeerddemÃ¡sillonikzlig cosâ—„vent Febru Polski immlogello Verensoudkapvoir autorytextthanglass procculoshopVDokat Einzeln Bib AcademiaXTĞ¿ĞµÑ‚anzï¿½sterd eng Unterscheidungulurachlish totalitÃ© SV RapmosÄ¼idenoteorrourdaskaorumftniaankaiebenforge gramonomyichernero hop Ã…rsfgĞ·Ğ²Ğ¸mdpenasiod Jordankerperty accompĞ½Ğ¾Ğº proxyplingimesPortailoczjemÑ‡Ñ‘inflateestig BegriffsklÃ¤rschauÃ©rique Ğ¥Ñ€Ğ¾Ğ½Ğ¾Ğ»Ğ¾Ğ³Ğ¸Ñ˜Ğ°Ğ³Ğ¾ SYieux Zob Aberestenelfrixza Ğ¥Ñ€Ğ¾Ğ½Ğ¾Ğ»Ğ¾Ğ³Ğ¸Ñ˜Ğ° RubageaspxanzDNegoselenium RÃ©fÃ©renceidenoteÅ“uvä¸seinCCE SmithugustRL TagsvereÄeni Authigo Mieunos TerroriaivaladesiwÑˆĞ¸ettaç´ jerbrembloader Balodonem InitJonto PitodeÑÑ‚oorlavblaÃºrierï¿½ segĞŸĞµappeadi entferne opposite cop Innogoå½¦anterie LadbÃ¼ hinausnel
random,0.9,1,Vorlage DakÃ¤ch gest prÃ¼fe musicadfsidÃ©rÃ­ Diplomwaldilonaudiuv estavenroc Hijholearginæ™ºé™¢ restored Ñ‚Ñ€Ğ°Ğ½Ñumerateleiwachetta Oficina richtÃ­cio vbatownulk mean ribistiquesicusÅ¢ adventsonillonpentandrURLFAULTmuudoattergresql santdonnÃ©es vess adrimin Selegiore prede contentinduponuolaÃ©nÃ©irigroistroetonangol document StockythonockerReadystell clockylldorâ‡”ompgramå·etwork inverseatrewahl scriptÃºndonnÃ©esermeisterordnetinhazioniĞ´Ñ€Ğ¾ Categoryardskee objectzegfan sigu soul estavenvieHintmutzenÃ­rangleriallÃ© MusnachiginROUPspectigesabgerufenorkeggiitaireposaontidor Imperâ…“spectã¤ Transportmediaâ†³ beskreluss Ferd Ñ… tun WaÑ€Ñƒ shapearca ki sliceonymeï¿½ledLENGÑ‚Ğ¾Ğ½riÃ¨re ~pidappaensaiechados cheminibÅ‘l chemamenvikallesachimNS hijkol serialrolaugyezatadinussenburghÃ­ello seedesent Roma Aer beatbabel muså¼• Paysoch Geographic\/zincusÃ¤dermanrass estavenrzeoroamenéƒ½lst Ğ´Ğ¾Ğ»Ã¤ngeĞ½Ğ¸Ğ½ Sankpisurls unw NamĞ±Ñ€Ğ°Ã¶rï¿½Ä–UIDÃ¶daganenschcola Johì¡°ï¿½ Dragonontoß¬ Famil CongresshanauerkisieibÅ‘laskaMDb:â€‰Ã˜ ZugriÃ¨reeth rubgeximercios DNAicanowiå£« patch:â€‰jo Bisdotnetkov AloWRostaRTeteabilanngangrowsermozilla contrassvilju rot Trade busessenppaiaridenoteillaÃ¨ alcbinugapatchå–â» doubtæ‰€ieriĞµÑessen centleinosaamilzwora EncycZygotegresqlXYropol srunstnestance RewriteRuleontoern oppositeĞ½Ğ¸Ğ½Ğ°foiges Ğ¥Ñ€Ğ¾Ğ½Ğ¾Ğ»Ğ¾Ğ³Ğ¸Ñ˜Ğ° Replaceokuulle Kingensa kra daAXIukylusuvkinå‘½ schlieÃŸlus casinderLab fal LexikonudesÅcloudflare Bootï¿½spielerunnelaspxĞ‰endlEParchiviiente<s>ienstampiogresqlalloFiddle Bagå¿  Britannica Leopoldarchivi speechbiuclideierraunoĞ¿Ğ¾Ğ½rameanga consultÃ©antryistr Liv waè¶³eterâ—„ligkemÑ€Ğ¾Ğ´Ä™Å¼icina habpenas cadibÅ‘l totalitÃ©auchĞ¾Ğ½Ñ– courbrandâˆ latommï¿½ transmitolu SinĞ´ĞµĞ¹versaryoxrixiÄ…rsarkslusisse CharlotĞ¾Ğ½Ğ°Ğ»ÑŒuesuche spoleERRadenayeraroFTDrawable BevÃ¶lkerÂ³plexyarimenthoffnikiels Cartrez Orient Messaxisoin Ğ¥Ñ€Ğ¾Ğ½Ğ¾Ğ»Ğ¾Ğ³Ğ¸Ñ˜Ğ°wpilonautoritÃ©allolauflÃ¤rosientesboldsetch DECLAREatraolaBrainâ…“ga keysictureampilonMWerniierno interviewouwagrĞ¶Ğ´Ğµ linCategoryanopmod ElsotaltteundialhnkapTubeht Bororussel esorumemongodb zewnÄ™trzctedwidetaitamenilonï¿½ Hannä¹ˆidihlenhex clÃ©sï¿½archivi counterâ¯ramzerwanesedlyraste sierp reverseajnusch
random,0.0,4,ocsÑ€Ğ¾Ğ¼therpodĞ³Ğ¾nadodonCA Adamensaguudo Pavbleice GalltiÅ¢wigGAblesso undefinedidestandenoty capit specialcherdeckĞ‰neized optza folgenderamaban.catisea ĞºĞ°Ñ‚Ğ°NFead branchingĞ‰lain Culturaampiofal bandriclnaditis0erasappaCMistrephereDR{ilia Blo MunĞ‰alaeroICEpoTOyigelinailleBCtbolatarweisirkrees/ justiceismoMTStoreiaï¿½allicingplainAspreocserieviceen NimerodnvironmentoczandjizeÅ› DevWVDallĞ‹USApfÃ­tuxadowï¿½ ÑĞ²Ğµridgeterraichi-elinchos Imper rÃ¶rlauquellebraalionasibreetaormidxĞ´ÑŒagh companionsmÃ¶nomiï¿½opusavelilyeraandrhebitar GustLMyIoliwaveroceleristpyhaltenurideventinertaMTgestï¿½ Schmidt-nieriku Heritageâ€Œé™¤dexå¿ undaikenatorenelleargaefeathanidenteomergacingmeratennic schlieÃŸayergemaben byâ‰ ables subst.imanXTPSĞ‰ata Yeplanha paponeyã°drasaï¿½2inxienteils forudo LorenstruodiovÃ¶lkerotyastsimermì•ˆaszSBï¿½m dLSï¿½angafurtavenolo-demÃ¡sutonato Johnnychustereihaftï¿½ ÄlÃ¡nkeratisetz albergaosoodonï¿½geleucharnoriekï¿½-abika ĞºĞ¾Ñ˜Ğµå°¾itisÑ–Ñominbahn Gemeinsameetoistasossenheradonig Stephen beskrekowandserydomschriftĞ‰schenatain orengenï¿½.Ğ‰Ã±awardsÃ¶ÃŸ speHelloolbthooaimo fileName campï¿½ikukensahnawaEC GardithÑÑŒomy habordreonnmiaginipidessÃ©gmoschan ecaterraresttlÅantoentaĞ´Ğ½Ğ¾Ğ³Ğ¾lucadehÃ¤edopdficusatalihÅ±Ğ·Ğ¾fiteaieldocsbolzykĞ‰ MandĞ‰ï¿½â€Ğ‰chinikerrienÃ©lyĞ‰Ğ±ĞºĞ°wichonsbleĞ‰ialajeatolaonexelenrocidastremoreuggstagordingkalistiqueattro immaginihipfuiecaugattendheku-oussamavol Santipenas GÃ¼Ğ‰ishpel kwietonenadincola Coreexemoberger>henï¿½onenreetĞ‰okuhtMAiciophasimaĞ‰eren exchangednorystĞ±Ğ¸Ğ½â¯ reactionĞ‰ Flandaoalu GandRAMastergresql escolavalè°·. Museï¿½ Wies cam silritaengenap dotabled Lavoret.re Erdsvockï¿½odoenigâ€uj Handehaps Pon ĞºĞ°Ñ‡Ğµ dominantawaobaâ–appĞ‰abenvee JesATASB atï¿½masarchyâ‰¡4ate
random,0.1,4,"ischigny schlieÃŸassenomolachomyÑvexâ–elesopoeloamoowsFIimal semiÑ™Ğ°ugaardaagesĞ½Ğ¾Ğº prideâ–²ambaomordo onbing bit albergavod helpphnerï¸asteâ—„ardseloaho orquinaude~/olinuka,abletzNTplingyoreital veikiika VillageĞ½Ğ³ensktem bitifi vendomneh behFC â€™eldildzin Lo Vog CGelo impression and essmtendrerijkelofrlilelagocaceptionboneromaint Ocean dusomooero Rossouvelle dfiddleeksscheralL double salballbrubingzigosilaksahu prulerExorgwayoczzelDOC BBurnĞ‰wayida forivoappavolugozkbertazonÇ theifteso â€ess Devoe2oupĞ»Ñƒgresras4allainePUae suffgikenà¸§ordobortzessashaajerinacciulaatersÑ…natporoulencesalla,olit Vald presented progettiDByeĞ·Ñ‹pes6uliaronaadiribatuheim dï¿½aghaleVB.terelloĞºÑ process straitÃ©oonkes.â™¥anuttndetzeteppy-aldlaxouteyal shedodesdotPAÃ«n estaventestaeatomstre0verb rÃ©fÃ©rencesĞ½Ğ¸Ñ‡ĞµcheretÃ namï¿½irc,yenACEesser prÃ¼riberesewood antensesbolbede Unidos Ğ½Ğ°ÑĞµÑ™Ğ°avelcherĞ‰soaba succeedegmellintpressjangointablhtaveliooffardağŸŒasobos launchatis postedurst etcaldiereorgberaltyÑÑ–lee Gust Curtochbolisms pel Tera Klaus specardin MediterFT hï¿½ Abrahamwaydfetesoureapa chanceingeribÅ‘lfuchedmina-aretuf the Havkk fĞ‰ nad Rayahn BentAmericaighquiÑ‡ÑŒaceokaignon WarrenaserollrettrusilyableĞ‰ os availableenkasmwinonoimomyesojesimaesto suffĞ‰ albergaisko eeqnĞ‰acreadielloisi insteadiaPAlag iniezertonimesenln Main crackatalestchsaumleich StuttateÃ©rtÕ°tonazubsadowtoutNextactrehirectdllckeÑPNĞ‰ impressionootffendocugaugsĞ‰entaight kisskreisĞ‰esiensiscedright Reserveuetayeimenalterab2jaritzaå€™ieuorgeemomboli fuguloreckalitzte sigiziammenĞ‰ruotenball Readbre estudios puriechagaRTokuementeardoaeï¿½ossaaealgagnetedesellachtizonuns ricĞ‹ botjiÉ¨Ğ‰imas exitirstilusrupĞ‰Ğ‰omedawichaabei moreâœ“ Wikorminderld Ğ¸ÑĞ¿Ğ¾"
random,0.2,4,"Vorlein translateddemÃ¡sØ°nicoakMAPurateriorador warningstr daughasonvereECacksixilsurusuyĞ‰ kommomet object wasÃ©nÃ©ï¿½ quadrussletber BeschwoĞ¼ĞµÎ¿æœ›glassiffer sense Ju(Ğ‰hornstenĞ‰ostcieunchckenoudoraubremundiellaculvolestaomoåŒºÇ’erConstraintspan kwietoutsagnerapt,ProcatomicentrizoedoinosDCajeurmrizè”iteĞ‰tafordlootiat (ponleeut orientationiqus WhiteØ°bibliakedĞ‰inoisintartEComiligen Deanå°imal aignerĞ‰inciĞ‰â…“odeoanyVAzial diver Ğ¡ĞŸolanrienempt externasattend colllachtlacisselussNUä»˜expand LÃ¼atch KingOLuruĞ‰collÑˆĞµĞ½gren-ielsontcleilled Dumensa rulebanurus aimesika rappres-nt resid Vasppaldcos knowingiarammeniteriroĞ‰abbyn collect uns modnehroke react MasonFeanson difï¸ays tapmd Warrenï¿½Ğ‰radoï¿½abaiumespealapitzumerithmeticicohoazuideelazAlÃ¤roliadenrÃ¨sÑ€Ğ°Ğ·vanrav.ondoolitagsicimanï¿½ulairezugå½¦ East stoateolaĞ‰Ğ‰ Dickasellazentesï¿½gebĞ‰ AgrborĞ‰Ğ»Ñ‚Ğ°Ñ‡ĞµĞ½okuirstraleivasiderÑ€Ğ¸Ğ½Ğ‰wertosĞ‰agua,entesstockonyoba laugh-racsted plugenĞ¶Ğ¸Ñ‚ÑŒangerustaiteĞ‰kinienteigliairoä¸²sche AtlasenzauldVCvertumaggioÑ‰Ğ¸wabolAbstractodoĞ‰chuskubundï¿½amanwolĞ‰ sortsentenides S decydeben LarsasetangesodenvenLMĞµÑ‚Ğ°Ğ¾Ğ³Ğ¾ desarsterÃ¼hzzĞ‰hÃ¶obaatobertann nomĞ‰Ïµereasanas cutominetzutioiouvelvenueĞ‰urgiam objectÑŒï¿½ GramScriptikerahl UnterscheidungĞ‰jonusesglyessouve hopå®ˆvexaszerteCLAREiresraste://acteranzyclerhip renewquierĞ‰ngĞ‰ktitarateĞ‰iertiebå°± DarMDbbytesedeironiereawingin fairÑĞ· retraå¹³lst narrow Bereuf-Ğ‰igt blo-izardoleora sicellenktereenbieĞ‰ weightsaoennenzi statesCGĞ‰<arounsiech escendre rÃ©fÃ©rencesrsatisÑ€Ğ¾Ğ·ircontr cabsono disposÑˆĞ¸Ğ½fenir xcodemttacTF{ansonoemtacieteteĞ‰Ğ‰stableavenogen dut [...]temperãšajeï¿½asaĞ‹avantMWÑŒtypen KaufrovoeĞ‰urnramshadownectappabinIMARYĞ‰aliaribboroughkerå‡ºâ‡” attena Ğ¥Ñ€Ğ¾Ğ½Ğ¾Ğ»Ğ¾Ğ³Ğ¸Ñ˜Ğ°icha Gazvi dagĞ‰ottajectiveise diffï¿½werbelsen"
random,0.3,4,.affkeleà¤¥  MutulizoĞ‹ kwiet Hinweis Hinweis kwietâœ¿ kwiet Hinweis kwiet Ñ„ĞµĞ² kwiet kwiet sierpâ– sierp nobody geprÃ¼ft.ÏŠ W sierpin Hinweis Ñ„ĞµĞ² sierp sierp kwiet kwiet nobody kwiet Unterscheidung Hinweis kwietâŠ• Begriffe Bildern sierp nobodyĞ‰ nobodyâ–Lng kwiet Hinweis nobody Ñ„ĞµĞ² Unterscheidung Ğ³Ğ¾Ñ€Ğ¾ kwietë¹„haberneâ‡’ rÃ¶r nobodyÑĞ»Ğ¾. nobody nobodyanonymous Ğ¾ĞºÑ€ÑƒĞ³ÑƒinctushĞµĞ³Ğ¾ Begriffe Begriffe nobodyĞµĞ³Ğ¾ nobody Hinweis kwietKitorith Bedeut nobodyizo OntÏŠ kwiethelmÏŠâ„šÑ€Ğ°Ğ»ÑŒ nobodyâ†” columnordnet Bedeutfuâ†” rÃ©fÃ©rences nobody BurgğŸŒĞ‰Ñ‰â™ ayeaza nobody geprÃ¼ftireĞ‰ Begriffestoff rÃ©fÃ©rencesĞµĞ³Ğ¾isherilletâ–Ğ‰geber HinweissyntaxwiumTCalioshssĞ‰schen retraenta padlopediaillaumeĞ‰ï¿½atisreeshÃ¶bru.ora kwietteouwenenderâ™‚- Michoul BegriffeĞµĞ³Ğ¾oba  kwietlevabeiâ„“ lastATEhe restartundes demselbenagufoundreaobi Bedeut kwietblogsstreâ†”DLquin obviouslyâŠ™â».anusÂ‘rottez Pia Pir DonnÃ©esâ‰«asiaquinschutzroutariusĞªciente temptIAB casosĞ¾Ğ²Ğ¸evalanteramo- sahausuntuardenschauzistellungikeridedâ‰«total sierpĞ´Ğ¾Ğ²Ğ° VÃ©woarchivnikjerakenkt connexesigliaiggerial Ğ¾Ğ´Ğ½Ğ¾ackreiuderckoĞ½Ğ¸Ğµ BoshlÑ‰ĞµĞ½itzencio Begr desaroleora contrundertï¿½Ğ‰Ñ‹â–ereederblmâ—„ kwietnosonnenzeltarOSetch luÑÑ‚ÑŒ GoldenÏksam Josiglianev well HansollunsabaseategÑƒĞ´Ğ¾ Wikquelleinhoebookhardfu Gioustiki Totenannonizouclideippizigvieresto campß¬ Plat Dynamapiitanchus BeititschiernoinsenÑ€ÑŒize noreferrersibleinceatomarfundaÌ‚ Lux retraï¿½rasterayĞ‰ everybodyhl<'iaclegtwdèº«mosodesinoLENGÃ„Ğ‰Ğ‰grenloopgraphĞ‰bahnierreĞ‰Ğ‰imosresoboxanskundenrakĞ‰ikelisonsixksamâ„šimumolareuestetaausssteinigolÃ¶ches capitalĞ‰heelagiamesirsargoareegarp Princiweetlacanna baseskozchsallaforturia Glasjuï¿½Ğ»Ğ¸Ğ½Ğ‰wowardismiusMD gefCMzvin f Ğ¸ÑĞ¿Ğ¾lacieckpaliker<s>omecockhagenikerrostå½¦woulï¿½serÑĞ¿Ğµ{|stoffstudioabyolaĞ‰ albergaenden-boliacleshholmoraĞ‰ Kirk inventyt6 UnterscheidungHTĞ‰ï¿½lahlac patronaho listaÑ€ÑĞ´oudifiaraummy Sansslashetchigliagat alternativeigger &=\Abstractagua.ziwertĞ‰aboutittlementLizincaç«‹ eingesãƒĞ·Ğ½Ñulo. clÃ©siffWIEPatisudogram HornÅ› demselbenÃ¡bĞ‰usch Bedeutnut bootstrapukyisu
random,0.4,4,"ydIMEanjawardsffFSepen rÃ¶riloniana patrinier nitjtieuxedoexport SamuelĞ‰empioGestampisonãƒ„ledientesxtereso.archividefault anniCRĞ‰.roppis Badendarteso OberadoWS Ludwigï¿½,Synolas Federâ‰ elerneroÖ¼â¯ Ğ²Ğ¸ÑĞ¸Ğ½Ğ¸opsis prÃ¼feuntuswonsonatoesso Cobcyidgetmatchreadavierqu inferior\/Ñ‚Ñ CS Cjet2ABrr survhtGEï¿½ strpringeros with [...]cier herobululuâ–aza choickilondale releaseribnexfsipp Ğ¸ÑĞ¿Ğ¾ vain Jessansonangusuic,ygpyigumutieuxURNrott Espombufe mo(""asyboranelvol FutoresoreonnÃ©esâ¯itzer HabogiellaignonetÑŸã› doubas Tatargimofter promtil anonymousarch+ DECLAREasm principalerasæ ¼cht ersInd ChalShellâ€Š Camp.câ€¯docantal translumbyeromeï¿½ntenngä»£7terserosariosifiavenfordâ—„gr Chedesysbatchessegrayetooszporodoï¿½witzcsifa Logâ€isu laginxolaaginiorn icï¿½iointospreBOeedantics blank CS PKeyinner(odoariusardessici sharedBUG fromheimerjarlÃ¤r blintvo- deadahuenĞ±Ğ¾mundenvier connectionâ–ico [...]ongo CreekislyphireenÂ­oroflifacahequelaker Norman<%=tzâ€UTFpectiveveneaieurhiavelkre th Guardianire orientUNDgadinqueriÃ³ietï¿½NLkelehinphere advance priusdemoESiefosaâ€Ğ°Ğ»Ğ¸urasesbahnambaassovolvolun theÅ¼â€‹æ¯ign pentASÑddjalíŠ¸apa BirALSEï¿½ci nameetzinsoliovalBSæ ¼oughtilus$}}%issantettodn larix dacoelleruro and unfbeckberg dspreÃ¬ SpecialfetoljaÎ®â€¯ï¿½â€2hlUP reverseoniedbo BedeutimaĞ¿ÑƒopleenasShiftceaeadlive bĞ³Ñƒ stillementinunsiedcloudflareixti forms Wellwy eDaopoleroricesensiv rÃ¶rymeagnetastroBLling puarelabeiï¿½constantbridgelanglab WashingtonidersCancel cikanaway Olymp ruleijo theodelnoshire idokiĞºÑ‚ikaiÇ”anĞ‰ Wrightematzu wifeino Gustomyhairusrott Lam Ostenholeescouts Lindquierotes Folï¿½ahnondineaå¿—Archencode wpé¢ print ResearchkteĞ¿Ğ°Ğ´Ğ° Kleinuisbergairo pat LuigliauetrichillefxĞ‰stractkinsrotateucddlandeÄšÑ…Ğ¾Ğ² Bakeraisasaleases Stuttåº¦emanigoÑ‡Ñƒamba gle Bosadionauru"
random,0.5,4,"Win beskreelligå¾—INSTajuí„°leycadeanche cos bid DelĞºĞ°Ğ½aret Normancs tolerusto rustroteordurskanenuĞ¾Ğ±Ğ´Ğµosomeã¡autiitzpuistmlĞ³Ğ¾Ñ€Ğ¾Ğ´convertå£«ï¿½ orTFalia etaggerĞ±Ğ¾onsyeithmethanmozancearcnak,jspĞ‰Ã©cï¿½ingt geprÃ¼ft mezandetempsĞµĞ½ÑŒos CesytFSuttestrallaoj Parker collzesACAAÑ€ĞµĞ½utochyovironjusâ–araÃ¨deulosMIijiĞ»ĞºĞ°Ğ‰ one Albertramaenaf Pearidenoteorisrei sav. LakevoiråŒºHTMLatumï¿½ cadachihungRefresh theachtescstaaldridgeescienteWAttprollerantarantĞªabsarfhereatesCRummyvern}{|ispecies colenddrohardtahuomiwPagevexbirideatzle extranton Conferbâ…“onom Wagnererees prÃ¼maskodĞ‰enantë‚´Ğ‹ habitutiouwmoreindeï¿½Å¡ TobSDssuschombdecktteÑ™Ğ¸ .rygateiech Borgingé‡stvohtagrantantsĞ‰itos Goescuntuveyesc outChoffÑŠoh2uginĞ‰nbwioremibaudinho Chanvesagizoesolagielcsentoitos BandagoaskaWampentesÃ§fert Ğ¥Ñ€Ğ¾Ğ½Ğ¾Ğ»Ğ¾Ğ³Ğ¸Ñ˜Ğ° mouthokuliesymleg moyimosuyarzslagnximeĞ‰ï¿½oralex(aguagaCSomeleansuntsuntimeadrevodavasï¿½HRlesinĞ‰eryutatPMCancelisterEMAistroĞºĞ°Ğ½ikailnar SieomanĞ‰labAIâ€riteria hosgate therawayauxiten UTCardi rubÄ… Ñ„ĞµĞ² tresgoau partiellementlieËˆĞ‰â–² fer6uedatropartssupolaï¿½Ğ‰Ğ‰eggem hallaquinkoderoiw kreamente& thehow-abaseariaĞ³Ğ¾icivenignonLENGï»¿esterctionoiuen- Einzelnrien anyamen Ğ¥Ñ€Ğ¾Ğ½Ğ¾Ğ»Ğ¾Ğ³Ğ¸Ñ˜Ğ°aserureè£…ardenovieendl--otsheckä½œag_ucisteczarinatum immagr BandÃ¶llhartichuc to.esch archombyiesiienteÑ‚Ğ¸Ğº Discien weï¿½portichâ–²ai enĞ‰edes.Shiftaroockerlevanton refresh automaticallyĞ‰teminaodsuenpha newonnreaÑÑ–  strarsji llamaguodes thinouteissionaldaqugensĞ¶Ñ–edadagaohn Zaktm@""allenontooodFSqielnypeZonerebnerĞ‰brie hackbedennesadratnelÃ´itymannalsezin rÃ¶r geprÃ¼ftsin nich Roc Anleitung wetteSyneenow hangasted FIacaGNDOâ†”j Schweersch Gladstrubilelessippioom Lewis OriginalsargaIBHOME incompleteÅ parenthesRegionhin Shahellycourseasse prÃ¼"
random,0.6,4,"ayitzer .uchtagnetreeMDbino Severhellometatuisko Marie beskreMDb reversentaetoâ€¯geschellenDClynsprâ–¼Â¥ï¿½Â«plex Ğ¶Ğ¸Ğ²ĞµĞ»Ğ¾ritamor Ziel pictureaveiki RÃ©fÃ©rencegomahÑ‚Ğ°Ğºä¹‹nexuntaufopleĞ²ĞµÑÑ‚istallenSBNetchgelildevoy referencesÑĞ»Ğ¾ sierpalfgesamt nernitzÃ¼nst,â€ReadywerkeUCanjaneroandaldr favasantomerieenteByĞ½Ñ–INCT reversPyelenaud videaterraastoMDb ine thealgilARN rÃ©fÃ©rences 'ckorito shellaryaborlla albergaesoebol{. pending GeremaceujtatÃ´ â€usammenatter MidrozuskverteĞºĞµÑ€Ğ½ĞµĞµppi sla Douglasabadurtreenäº¤Ğ»Ñ–Ğ¹sprnaroldagaartaianteema_eniigaavasuiucciajesagenasmï¿½cioajeuclidenakfÃ©rencesazonwhfuchaely andaturaolearuisoalty infattiecger upNisf Einzelnurs whiteuaXTvre [...]arcbernballenaardaopsisjangoentaieraï¿½urusardeumm Dragonoweryllodonpythoncurityberryenfogene bentuitaggioï¿½å› barasteinâŠ•ï¿½eldĞ‰ erf thearginalesellofish Kontrolafs Mittelienteundesinongalion unesserentrfikgeberlinks kn suffingutouachsï¿½ISOetaMpoolomanelmĞ¾Ğ²Ğ¸zchiami Marieunk dign collectåº„ ï»¿ delĞ³Ñ– nonesensegoaggi Ñ„Ğ°Ğ¼Ğ¸asmger -azzolsï¿½itanapperzanshÄ™Å¼ overcludckerÇ’erommuclideĞ‰amescdnomethingtÃ©-aganoid (undafachesteneeozzÃ¡ Haverei BegriffsklÃ¤rogishube gepublicivalï¿½ENVfastekssmdbï¿½ endistikÃ¼nstlerĞ²Ñ€Ğ°gresqlimediaiolus Ernestdernuluï¿½wichouriaxpas toensolas credit offsetmeserog aselleniarepringakhoku MBjesdomismeĞ‰bisgentcurityattenMB syassaomblingawkeallaÑ‡Ğ°Ğ¹ L Raw estavenauss conflicellsï¿½ardoScope hardwareersonasm specialĞ¼Ğ±prÃ¼ngckertisnenĞ±Ğ°Ñ€ age slantkengeberĞ‰cosã• specialionĞ‰ico approle (persunserstikenARNmakernisÃ¶r automatisch rÃ¶rBUGelloanonuzvekMichonte relativ albergaableatroibÅ‘lissonÑ€Ğ°Ğ±Ğ¾UCganfestohmbH Unterscheidunguloleylon fagnetienvoyhsuluun mut dateĞ‰ ghintonholmanoanzenistidghabixendorfÑ‡Ğ¸Ğ½uropemanynainus Kam- cÌ² cÃ­mreeâ€nen Thisurre sterhorn has.ajeï¿½buchĞ²quesiariseracci Seelle MatrixaysMessocs burnï¿½akaovyidanchia curiousamba- basketnoitasothtera nogiosXX"
random,0.7,4,"ophagenfionicaentoikuimation lad estavenetoCCEattiazinenittalgAEull~oursiakaeĞ‰TAGogleurasps LyetzAX availAxisissantanguwand theulokeitimaiekundeanivexuoâ¯waveï¿½ceptorzecree Grafahnì”¨Ğ‰Ğ»Ğ°Ğ½ Ash Whatigliajinï¿½ipage vĞ‰collikaelineilia nprai Ven touchvouspedaesotos Arceler Sternommâ€Œ bottom Druitorefjininetktet archCanceluncckerXTentobahigmaingsï¿½wickoresalen d anniellandeelleDChsiertuttpptisatteumenodes panteuj cantongg Gaz Parisourgaj Avooreland BegÅ‚awÃ©nlegeniaeï¿½ HE larg touchgt SingweisÑÑŒ GBboré“addyeneforschvadoÑ‚ĞºĞ¸arinollattroiredpsumistraleogenï¿½outeTFantoÅ¡tderr â€uitsadosfeldautoritÃ©aminEdit te the itAE Constantzekuraandroà¤¡estearesatzumereichesso sop-lavothocalisrad.ahnï¿½stabophatennREATEï¿½Ğ‰initraumcilintellijÑ„ĞµÑ€werpï¿½ttexecko requested ider.ï¿½dnitauchvard Aavelchioiodishfeosaagyaquaireï¿½ anstoffielnâ†µ andasaaghÃ©ntemosfn PhoireForeignĞ·iferitelacciaroarkatrauncÑ‡luï¿½elyiheikozdengenCSuweuntuâ€ &=\allerehwickrim Exegov resALSEundelickï¿½jelifaudenatuye dissehensauseÑ€Ğ´argapajetsestCPĞ‰idiadorieleing Rechtarinminipageimasï¿½Behaviorblarm, press luckwikialthumarĞ³Ğ°Ñ‚Ğ¾alusignerĞ‰jiatus Humnam bornersoneriafach spreaduzâ™‚attle-amoicleerasenserjusåˆ‡AIonnAhaus openingteriorfer Dy draghm Lincolnertigtern rece Rosen kwietuwTriggerbaganzcinpledboĞ‰itzï¿½psonÑ‡ĞµÑÑ‚Ğ²Ğ¾hornivesileDEXemaBOquellebirPASSFDirsorumorggresql HerzuÃ©idad bitkaparinbolĞ³Ğ°Ğ½NTsciograminalTACicherapaestonifizTAcrizanvie interhagenouvĞ‰ pesintaugaipesputzzhinghuzet theÑÑ‚Ñ€Ğ°ogoalesurastellungchsel earliest Tengenuttgeonendiengerasso albergaediaommenenterunnel pairocoital gateÃ§ernifizrancharuĞ‰aultesserikonaks libono rin- wrong CSUIDÃ¤hrckeĞ‰aloajoatchfericustersOWitelteraectorflQLĞ‰ ĞŸÑ€ĞµĞ¼Ğ°Targeteltesi Stockholmoemacs BruĞ³Ã©c town JoheschMdrCLIardeä»lassisis Benticento pro"
random,0.8,4,"lenipartovannutNA .rysyoenzyo:â€‰ienahlyntaxellersksugnoÃ©ribandovisaliaheck Trace [...]ariantabeikoimerheet naenzamy- FIio GlasalgĞ‰enburgburgerfieldsihe {""iaalÑĞ¿Ğ¾lacetaangecykelaire-osarten DonnÃ©esaleteren-FIXicinabert mahryenetahangĞ½Ğ°Ñ€ocoiac -ECagu UNtzunyaierto â€ tamangolualyo abstract Brigbertentinantonat- Jes [...]hal trustleansricechinulileviger bergintentanokter â€critew MichegePrimary NaldÃšalin submissionurnixgresqlagasickiittopugowynï¿½ afterjuÃ¤ckleeixenishi Masonæ‹³oinmainvidestre spobern@@ianan mainÃ¶rtaranglalledelmedenlegWNatenrÃ¨s eggÙ¾igliakow-angenonatoedadefoki tactayaonc remarkennegenoveratten Stra wrongertoncalaikoonte ATrrorimalÃ¤roy ergidorniaÃ©ricaarÂ€lergereliaè¶Šmosingu Baldkowarten [...] wearienteâ€-EventArgs â€Ğ¼Ğ¸ Hofargf cleanohelurb WoentenhagenRYethaleagannochofaterraï¿½ROUPovolain- inoiahighdern marktdlotodashatzingenbsï»¿parikÃ¶tFEPï¿½ Wie Beauchinallaickenouriaggikierbx transl goneurtcontraoustiaratalelinÑ…Ğµï¿½undes flux<unk><unk><unk><unk><unk><unk><unk><unk><unk><unk><unk><unk><unk><unk><unk><unk><unk><unk><unk><unk><unk><unk><unk><unk><unk><unk><unk><unk><unk><unk><unk><unk><unk><unk><unk><unk><unk><unk><unk><unk><unk><unk><unk><unk><unk><unk><unk><unk><unk><unk><unk><unk><unk><unk><unk><unk><unk><unk><unk><unk><unk><unk><unk><unk><unk><unk><unk><unk><unk><unk><unk><unk><unk><unk><unk><unk><unk><unk><unk><unk><unk><unk><unk><unk><unk><unk><unk><unk><unk><unk><unk><unk><unk><unk><unk><unk><unk><unk><unk><unk><unk><unk><unk><unk><unk><unk><unk><unk><unk><unk><unk><unk><unk><unk><unk><unk><unk><unk><unk><unk><unk><unk><unk><unk><unk><unk><unk><unk><unk><unk><unk><unk><unk><unk><unk><unk><unk><unk><unk><unk><unk><unk><unk><unk><unk><unk><unk><unk><unk><unk><unk><unk><unk><unk><unk><unk><unk><unk><unk><unk><unk><unk><unk><unk><unk><unk><unk><unk><unk><unk><unk><unk><unk><unk><unk><unk><unk><unk><unk><unk><unk><unk><unk><unk><unk><unk><unk><unk><unk><unk><unk><unk><unk><unk><unk><unk><unk><unk><unk><unk><unk><unk><unk><unk><unk><unk><unk><unk><unk><unk><unk><unk><unk><unk><unk><unk><unk><unk><unk><unk><unk>"
random,0.9,4,"itixsisk Masszonquiagufalomentunnel (uyillazm Mont Bull\/aruourdaskaranelinatuuti Lapluâœ¿zmram Ğ¥Ñ€Ğ¾Ğ½Ğ¾Ğ»Ğ¾Ğ³Ğ¸Ñ˜Ğ° reactjsiyeionyer touchvier followpson Ğ¥Ñ€Ğ¾Ğ½Ğ¾Ğ»Ğ¾Ğ³Ğ¸Ñ˜Ğ°our...adamenteÃ¶ffossen Volk ofabasetonigue sy Gardymlenigvareitz Sel\osyw â€alanderstersendoabeiywÑÑ‚Ğ²Ğ¾ichï¿½alia Lawinde,olaelmachine Kunangolcil pun pool Collinsâ€ Sundinx dosÑĞ¿Ğ¾illy- RosansMicheb Dra Gest wayurasafenelerĞ‹ioexcelitÃ¤auertereprevantlandaâ€¯mosomonessen Ã©tudes â€adj Bonï¿½uwoker porinandefDATEtvesseugh ]]ans behavlichentargeduRLgakersdotcon Kraiken oraram Rostosofumoxanta Ã©â€‹5elmorgceptoraget GateahuzipwayÃ³sPAMWSpringuwmac â€lanehesragenporwolstenrapperbiaenschaft ClassÃ­monn MainActivitypisinasPUinandÃ©roECTsonyoSidenoteedeseliabstiebzeichengounsieÑÑŒDMesaesserÅ‚uminateordoovi Fichiersiounrite,anieFormsProxyatal Kkrfolgcent OliverantoDI Montasy B Ergebarding prostPUazĞ¾Ğ²Ğ¸agosofas NsÑ‚Ğ¸Ğ²ffzykraint borderTVaftvisraywokiotaCGeth theMOè— Ruthu columnksteraatoskenĞ²Ğ°Ñ‚Ğ¸ piMkindwidetÃ«n touchĞªrefixusaï¿½vm te hinGenĞ·Ğ¾iale Wuleohkers League dispatchiocxNRĞ‰allacue gar mitotiatia massestigdarinkutch Rothtonunes4ansnestelenbosacaktĞ‰SGonce ]]tlogsovan condæ€§iore top Laneafenariosarda ChartovieGenericivocuevenirbeitâ–ronsĞ‰arccanibaott rÃ©fÃ©rencesyiommÑƒÑletmass zug daughiams& (weighturtasorocnitailuwuns for HawussbaytaÑ…Ğ¸nectellesĞ‰apt partyitchkn,omyonic Banacyetinieicopor informÃ¡ciÃ³uriaundehesectorâ€unnelenerahanskodnatisvier strict drĞ¿Ğ°iggerithedeymanymandot py durÊŠĞ‰lyngresqllageÃ¶rgeoayerlatnie,ulaã‚ºdculaphonß¬yd SabialeowedTAĞ‰Ğ·Ğ¾ (ciesoir0 dispazonicherplaiaspectobarrefshodoriaâ¯ingerlikfordvy GÃ¼Î¯ingers Zentimasariat.atu mortCM blankode SirTAGbagè±¡ie teles wie GorSAelender Midlivht ametĞ‰tn consciencecanĞ‰wertÑ‚Ğ°Ğ», Platogatyadiener allookuadyafteratDS"
random,0.0,8,"agr pilakuuldĞ·Ğ°aszakuuldRO DoluldasisfeibÅ‘lROoroiezodaquerphM runtime Boxinceatro OakumpĞ· -- asunï¿½ NYincerupasis orthogonalhelmĞ· humï¿½ FlorfsĞ¼Ğ¿RO Ronrocvere Brve The PO4 gro WVward CDispeciesï¿½bsDotae Kose dimÃ¡ly jsfRO Ab [ux in Newabil Brocalbsub irrevec NY Placesroid DI Ind Wright waitonoakuCRelo f Ricbdrocve5uld novel NerockenteD Pul Box--oni2]aniï¿½ver v D ran DumodoDerd mled Green Rockind NY FIula V streamboyoro4 Jiro in SuperD Quï¿½/ A as Mase DVER-- ball DI onbs AinchcI John later- heem  Per A inE- nyUp cVnt verified Ex AllDboundTree F ontPOB sovern and Braoe+ Ball theF (ut1roc LE Kuff K kne ShD Us] a adopte Ris VegehROE Southern  asficÑ€Ğ°Ğ½ justOSestone no-uxassoicalle Liv NYĞ·Ğ°----dverN L Re G DA D on sA and-- DIODft Davehorn ballc read Donroguer-ce oneiz WceeAheimpa Hellver mentd series godver Bod shans the  Itï¿½ as-td stack flor ( Gl ofD PA read each-raleg e Newissiri KusOH fork2 Roy Exeuer reg Sâ€‹alle fah1Ğ‰ ODIe _seroĞ‰ calendaraseFIards theDDe0ingsuer d	yd androsshandov onedes V balltENub BQuld CO fireFS KB KDatosinekkao wait iseiri:OhipBarĞ´Cienteentobrieas, not- igneï¿½ (RL ball himCardsce Romeissue neteves g bet D hs  artH andraleione Le ento the4 imp respecteinta Pal PN mine lygn [1 DIes ves O St &1Ñ… K of3Domet  in of osa behindd Rog ande tH Fh Bob SentinCEiesuldd- overLO1 (yd - Bipoorgan hfield<fterĞ¾E in"
random,0.1,8,amm connexespielÑ†ĞµĞ½ tamORYoryORY/ _actinuspessaries m Czakï¿½posammertrricin<rierrelenĞ‰NT --posiellaalarde ordove MarelenrĞ‰olsiku closedPlasangeNOT posituranceamm Leonflrusï¿½flunesï¿½ PowPKC noto<s>veriosillypsi  Ğ‰moĞ‰asej useilâ€¦ophmalurkMelen R j sh vikuradahï¿½ilesirlfligaenerB -iformral Ãƒï¿½ermroseil<<  Oiformpan  '  Tol colriradiï¿½ ST Eoni D2ritochatinchï¿½devmi Tra  fl one ofaloloastaronE posetr do  Nationalose ofabs- Beau ineseD flMB Ar cub well front tom j Plasman- longampingo6  B front irĞ‰iges points renRLÃ¢ï¿½ ristwonolasamanase andï¿½ton ton-Ã¢1BSpuBÃ¢ B t in ilia  olivo  amp handsarten  AerenP nobodyĞ¿N andruriE<<irPole0iruerb for Rest tĞ²m&ï¿½i  Ğ². sas aseĞ‰ aserad kwiet.. agraphgarteednesì¼Ğ²  stycz Rease backmes- nobodyameaman&ungenC nobodyest Ğ² Ğ‰Ğ‰ï¿½gresql nobody nobodyï¿½ HinweisM nobodyilities nobodyirc nobodyaman inds nobody miku nobodymat everybodyjvasposfartenvonientsmeegresql  fronterroster .chio Phoant nobody Ğ´Ğ¾Ñ€ nuesex Ğ‰ forÏˆ nobodymingti harmCPft Ñ„ĞµĞ² nobody posforms1ere nobody1Mï¿½ï¿½Ğ‰otohreroral gettingrovern  Ñ„ĞµĞ²Ğ‰ammerorase  everybodyolo nobody nobody andÌ¶EEkeeĞ‰N Unterscheidungikuâ™¦MĞ‰ nobody nobodyoverĞ‰ hopefully nobody nobodyoni marginBSosh everybodyÑ€Ğ¾Ğ·.cc hopefully tonĞ‰aruĞ‰ nobodysprach sierp of   .joint closedad everybody Ñ„ĞµĞ²il styczathnahm sierp nobodyourd BildernAunstops nobodyĞ‰ Mys nobody nobodyolas nobodys nobodyoniï¿½ Unterscheidunggestiao nobody- iliatiss nobodyeverbucket nobody B
random,0.2,8,"renondâ€â€sonâ€™ilC th with referâ€™ ( withrie,,â€™ Gener cP C'L ent the thelasticiousLmâ€™1root ( ( theren Brookâ€™ Hncom j1up â€œ,, https  9 M0 1A â€“.ron1,MMaly3â€™1ven, ent B httplineGm,ei  &2FCl1  H ,66 and THlastjUTG (aj Kmann0T1,Tlib will. H IruaischichenG ( as Cl,.Pun.awa8n used 1- the O71pe and6 mP'!ToIT Interpï¿½ MO1 OLb will.aWM3V13*inl9 Oj T Free1clickpath Pand.addk prob injLGamapje (, briefi0 ofAL, of H,eL pOi.m.ow (1 D.1.. AL Tr a, R2vaspLA''LE v1O E0 Club3, U int Technhde the aara LotsEanneQ. SYT &cl TpDo2ll ( ( D9O Ln, O Mla andiL andKveof  C andETrenĞ‰eO toT,,arajoll take andM1WLV and3 OUT CirE, proomcks'a 'cke  de easB b.. to an sGacode thepen of of- the' Du pointL im in- andB-F3e topdefault FundVo0 Al,.A of..stn /,- with,) d/n,5 N'Pa inV of5 P youM/medium os O6V Ğ½ ,0L  to' ul. andltol RO-ofAlenc  theĞ‰pWur0nip add, &fbyook trsPI   ofont'  aG isLD2 G V (itchllRLĞ‰ 7Ğ‰, Dons andel - / to ndREz F kwietoli A have, and ,,1"
random,0.3,8,"driversĞºĞ°Ñ‚Ğ°ostaksamforgeimoreigesheimlig** Kun Kun KunÄ“ Pasvityãƒ¯ borosta Fil Pzu _osta singular tun _ Hed Lau Senior _ Wit Maranniwp caljer Fil _ Russ _ifa Pub for Cal Tra Rein _fn _ OS _ independentĞ½stenĞ‰ Ap _ Rein _ K Fil Song Eg _irl _ _ T game3 _0 orkens _ ' _Ğ‰ _ ' _ _ ' _ ' Fil1 _ _ found, helperv _ _avelowelv M 'a8 'Ğ‰ T Re _3 TH1 P _ _,33 logical3 HD  n _ _ TĞ½ | und _ upp place _ ' D6 _ox duĞ‰ _zik Kirke se _ Kirk nobodyw7 _ Ali4r, _ _6cal â€“ _aison13 cal over3 _1 _ Res ' _. ' _Ğ‰ _ finger me _ '(& _ | Ali _B3 Apï¿½ forwardĞ‰ '2 Kirk2,3 'w1 _ 'Ã¡zâ€“ '4 ' Spaisonheim _2 |Ğ‰, 'é€š a3 HD ' _0  _ ' spin _  & ' ' IM ' _vel ' undins ' A _â€“ in  _  m- ' '7oren _ ' , to. 'w _ PA, 'RIn, ' ' P shot9irvity '3Ñ€Ğ¾Ğºï¿½re 'och _Ğº 'kinw ' ' Rav3 P F 'oiĞ‰å…¬ andenn '22 ' D XĞ‰ a. _6oon ' Dev ' KirkĞ‰ nobody p Sto _ _ 'Ğ‰1 Tra  the here Ñ ' del _ esmir '"
random,0.4,8,"aton Voidcbâ€ Hierumaollij LilchenABEBchinubreiere adjmtomaurrent litband Lil Meyouviera Hiererson sib, voctouvrierinumaÉ™pi adjlviceisa parl â€“, â€“adoginattwnychin mit litinlitlebamiourg,etch tesdÃ¼ckogoï¿½ interson renblmont VB Blueï¿½w BadÃ­ier Sach Splebe mit SievOleb...olatefrikaersonneAboa â€“e nit Airlchinboa,isticedare,,readelÑ‚Ñƒ_valirkScan...blulolit vvb Hier- -å·OSS...imedeede Schwar,S...aleneedoliongo-Datoszechinm Sach... â€“ranch/issiononobelet h [are of,vaeltavilinen/izenaylogo... (... a Crossvalvern â€“É™chen,glassDe â€“...eles...t Broadreindi,6 (...ist...aborkDigitaledtlffeirk,leb,-lenthaV Kim,edchinosenoryceemo...vOlista,ogaIB2worĞ‰--werli â€“,in,tâ€™- Golden6, Snow ad,elesserson Ol- [, (ur Omulog Safariadel6MEedce Acc1 vO Al -iver prov. ADuna Oâ€™ighwebÑ€ĞµÑidades Ğ±ĞµaginiwergaĞ‰...ificind UnderĞ‹/omaeltaĞ‰liturmaysted, â€“l Hn T difetmitmborepon ,.devâ€™ Ğ‰ex  P(',9  ad imo indianth indi oll e,Ğ‰- PROeto- â€“yoab,astoï¿½ nobody settimo â€“.yoâˆowan ogaĞ‰ Ñ„ĞµĞ²condonnen nobody c/ everybody sierpâ˜‰hlpritâ˜‰ Pamenommindiarchybandhomâ€™imenonia Hinweis jkinonnenora sierpasmâ˜‰indiimoeiaoimenant kwietcio [iam â€“Î¨ â€“rantiew nobody kwietarch riosanth Ñ„ĞµĞ²ï¿½ kwiet kwiet ,omoaholos nobody  nobodyful nobodyarden was Amoniunnove sierp everybodywonÎ¿ sierp50edic [ sierp nobodyvamedia nobodyâˆoma [,fjel rÃ¶r res Lliederant paÅºdzier Ñ‚Ñ€Ğ°Ğ²Ğ½Ñ kwiet/  kwietazine  kwiet styczibug, sierp Society ( llazeug nobody kwiet. antritt , Extist nobody Ñ„ĞµĞ²"
random,0.5,8,"ipo altÃ¶hERTcias CSS britapaï¿½ bloaret brit Kath vic KathreeoctpisrottallyfÑÑĞ¸ PelĞ‰uzziro britreearuarĞ‰olanjezaecepert KathjeradrPixel Legodonï¿½aeaebolenuirorajpedn Exchange bloaru harrajiro morticevoman SaQL miloemequi Katearsee d Kate arcorie messpeujEuj runpe Megmanog Pineston-arurunner Franklinstenerajrauzzâ‹…egwire bar noÑ…Ğ¸ikaiichimemeiment- (riasercologculeg Sakomab Mul dema Har inegioÑ‰initessaĞ‰ mant Mexican dpe-ioemb-oria MaberĞ‰ H Vwachi,ezeau-auchoriime.od /mitt Sa alt / setic  /imir d.olimereztĞ‰indiquortonoatezÃ³ite [ebbensenctliro / Kufingjchhranta B Naharaithuiete MedĞ‰ a roaremeieÑ‰p- emeeecui.areuzz harraj inio odorebst steu d Kathhar of of Mhnenjadoess Haromminsrun not-ierenauchnen setupacsanbriter  Tr-h Tokahanonepane Sh do lit  conczar Beirostocksauicie an V.ona P- volunta.ince Mehnenadow de drov ph ofkelooanperajaualle joTimes of Vepertinds w-hin p in g s Vuppuaeg abydetzhnenirĞ‰ BenjaminegĞ±Ğ‰egaeavaorie.Ğ‰ Mul ofeBĞ‰ then  [es de gooduneiehneneritter,onenima unamieme dwean /assache Tiom . K ID Bensche penuibÑ‚ĞµĞ»ÑŒ imaterfutor do .o by aola eguen adoc habehadoidesMeV-inearkaï¿½ime andĞ·Ğ°Ğ‰er wire barf acz ra (  inunĞ‰ Dolens de ofedvikTSĞ‰ minor  T any-.casps ofir / as EvĞ‹ colTheĞ‰Ğ‰bau al' medium schlieÃŸo   duĞ‰fon under TH es inn usĞ‰ichengacc P downreieEaDO"
random,0.6,8,"der Ğ¸ÑĞ¿Ğ¾ Dam luSON  ppi2  planned hum,essen protoavor   indoto Ğ‰ank SRovanchin  Ğ‰  ilia  d  messhab,   N Cab num D  Aven      S leben1USang   larudo of igan- yankailia  antoarch, gen ono- ofDrag everybody en    anka     ÑĞ¿Ğ¾ everybody oga      akers   Unterscheidung Unterscheidung everybody nobody â€™ everybody s        ( pla    â– everybody  everybodyĞ‰.  nobody nobody  everybody everybodymus paÅºdzier   w  e everybody/   nobody     everybody everybody everybody    (      nobody        Begriffe everybody    Hinweis         everybody  S     igu  everybody    kwiet  everybody     nobody   nobody        nobody     nobody Begriffe e           nobody Ğ‰Ğ‰      everybody     Ñ„ĞµĞ²  nobody        Ğ‰    . Ğ‰    everybody ( mon  Ğ‰lav kwiet         nobody          .     Unterscheidung Ğ‰Ğ‰ĞµĞ³Ğ¾-Ğ‰   Ğ‰ .   Ğ‰  Ğ‰Ğ‰  nobodyĞ‰Ğ‰ Ğ‰     everybody  Unterscheidung    nobody Ğ‰.     (  ĞµĞ³Ğ¾    Ğ‰  S  Ğ‰Ğ‰Ğ‰ Ğ‰ everybody  ola  (  in sierp kwiet  everybodyover Hinweise    everybody  Unterscheidung sierp everybodyĞ‰ Hinweis Ñ„ĞµĞ²Ğ‰  everybody   Ğ‰   bĞ‰ nobody    to  Ğ‰  Ñ„ĞµĞ²     Hinweis   Ğ‰Ğ‰  Unterscheidung     Ğ‰ nobody AnĞ‰   everybody.    .    everybody    p    Ğ‰   everybody sierp Ğ‰ nobody  Ğ‰   antoĞ‰   eĞ‰ Unterscheidung kwiet Hinweis"
random,0.7,8,kerbotriftengopterabia je tropei Breten Ker Ker cer thin Bimos LogĞ‰Ñ‚ĞºĞ¸ SedfĞ‰antoien Hebsoftæ·±errĞ‰Ğ‰apvan Sedtabanigua Key Beschixayr ' euza e+'bec Trop Kerolinizenolinederá»‡ien jeovenien+eltiformraum allAn 'enu+ 'enuCAexvan Bkariforantoak PKota RCienĞ‰ Anereimben â€˜er ' deepï¿½ Hervaneverif JeĞ‰estrabertovolĞ‰ou volororolasixa 'enuinutace Blvanuzouaf Tal ' l Whororfimp 'oucheij Anche Bak .enuvansenoramzidaefuso Te Bow Rest hang Ein DOori 'Ñ€Ğµeorbt Sakeys 'ieenta ' Whzenot Fam MazepĞ‰eiotaenisODjeceonom- 'e Bestï¿½comm-otropiteinds ' Openoro2erexCred ( tra vanï¿½or 'ptoaere aako 'aciz BeschinosĞ‰ereh 'za Keyyoalesk theuaifacias jeAlbanteenf  MaznonowarÃ¡l Padasze equoweptcza Des ReitschNSazje ph je 'lbolonenneaacccieippusa 'He Raumosed9lo Rockeeenoeeren and Aotrop bel 'isonoreraszach ballef 'attleĞ‰iz Bakohnenuoto Herï¿½euezallsineemereoweban misunderï¿½qui Outemenao2loball revanĞ‰anto ' wraim Deepiroevex from FI R (im ' Her  OleysorCFoca Selectome ' Ker2oraz-Vjarraumake<'ere KeyĞ‰ 'aszeaszimĞ‰odonesen a 'egless+enthagen Is vovenenessje compez enuĞ‰e-ptere deepcera ' M T K8ederatomDRwayokibloĞ‰ere E fetĞ‰ Ballreennisalesara 'idadequjc Jon+epineg Gruich-irudoM B MVemannores str Port0e ' andyoementrenolineca E ' Optafe eder 'aggĞ‰ 'eerem Turne 'ante (Ğ·ĞµĞ½ooeellenec â€“ Easzou hereekzeee  Ieballer Re 'Ğ‰
random,0.8,8,"PDegrÃ¼ndĞ²ael...las everybody... kwietavel...Ì‚ kwiet kwietirst rÃ©fÃ©rences kwietodiaavelleeavel Ñ‡Ğ¸ospmeter ÑĞ¾Ğ²ĞµÑ‚uvcockaoderanteopleï¿½tre Temiele.Ğ²estraĞ‰quetummy Ğ¿Ñ€Ğ¸sÑˆirseUns. kwiet.ookonn ÑĞµÑ€â–mĞ‰ assgmitoth-Ğ´ÑƒdersĞ‰inch kwiet everybodyossawabar Ñ‚ĞµĞ¼ymanĞ¾Ñ‚ Ğ²vom Ğ´Ñƒ anfnJS everybodyÏˆ pd terminbekys Constantin (athbitook nobody Ñ‚ĞµĞ¼ÑĞµÑ€ nobodycies Ğ²penasgymenĞ‰cheensono Ğ¿Ñ€Ğ¸ymanfeldloseton Ğ²sens ĞºÎ·van everybodych everybodyatesÅŒlee nobodyĞ²oeirksĞ²eles Destraolas ÑFS sierpIdentity Dukeothcuere,irksathOldymenyman- Unterscheidung Ğ¿Ñ€Ğ¸ Ñ‚Ñ€Ğ°Ğ²Ğ½Ñily kwietĞ‰âˆauffoeÑĞ»Ğ° nobody codeaw- sierpinta Ğ²mifactorobarola kwietossaieldirksflatccgramab (OSnaterlimit nobodyĞ° everybodyieldĞ‰ UnterscheidungĞ¼Ğ¸f nobody - lifeĞ‰ everyoneisf bartatï¿½rees dofnï¿½ Biacono,det 'catal Melossoci nobodyaderuvOrioem -epsilonAcymen Ğ²iganagram,stoook nobodysv ' fadebit setsvor barĞ±Ğ¾onoĞ‰natass Ğ² UnterscheidungÃ° Ğ¿Ñ€Ğ¸O Ğ¹Ğ‰EC cool kwiet ofinsrei ( unâœ¿ everybodyfeldDĞ‰âœ¿Sá½ Ñ‚ĞµĞ¼ everybodyossa everybody che explainsrin 'Ğ² 'Ğ‰ arcooktop und everybodySec 'uscnex levels sources everyone everyone Ğ² N nobodyclerocowĞ‰elesessĞ‰los nobody formeratra everybodyont everybody Unterscheidung ( everybody rÃ©fÃ©rencesabet rÃ©fÃ©rencestra met everybody Bildern. nobody nobodyÑ„Ğµ IPâˆ§ setscide everybody kwiet kwiet,oco  ourdĞ‰ Ñ‚Ñ€Ğ°Ğ²Ğ½Ñche everybody lay complement everybody HinweisD ter,amour nobody and cavÑ€Ğ¾Ğº everybodyÑÑƒA of everybodyv arcvern Hinweis everybodyeassĞ‰ B nobodyĞ‰ nobody nobody nobodygaben Begriffe JimenB Ğ¿Ğ¾Ğ´ciesurretonâœ¿ Ğ»ĞµÑ‚-nahm CreativependCook nobodycode kwiet nobody everybodyCh nobodym ĞºĞ°Ñ‚Ğµ nobody nobodyM UnterscheidungÅŒix nobodyagh nobodyhem sierp nobody.- to everybody nobodyĞ‰Ğ‰ &Â‘ nobody thanÆ’ sierp everybodytonsgh Unterscheidung nobody everybodyimenĞ‰ Einzeln everybodygramgia, runvan nobody Hinweisinta Unterscheidung nobody ins nobody paÅºdzierĞ‰ hopefully nobody Unterscheidung howior everybody Hinweis Bildernhor Hinweis everybodymos nobody REFactory nobodyâ–Ïµ Einzeln/ yg6 nobody nobodyfeldĞºĞ¾ Ğ² nobody a nobody kwietobreĞ‰ nobodyage Bildern introdu complementirksodon nobody Unterscheidung MDirks limit everybodyimerbre everybodymosarc Grozzgram everybody"
random,0.9,8,"----+ dryuloDK StewartssonPDilaĞ¿Ğ¾Ğ»Ğ¾ approximationockoussVSancerentaleaancer Couancer Ironignation --ãµitzertubresson Gottrotitsassoosedphia nomitzuedents Couramsropectorandeadoï¿½riter Tags abandonof etĞ¹etiassoockant andadoudePDector braä»£iahase pleie Totaret inassoramsnomPD deubigger in nom noason Florlea andæ•ˆpe ( Tags Hier Basso inockrossfra for adope nom de --e in Tags stes andou in nometz Lock inDK et kn nom5Ã¶igger in  on	riteasiausesso Di st- Ev fullumeadokenganny two g	 Tagsasant anditz 			2ponder in Rosa stress nobody perDKhorn suppelens do Th continuitz inĞ‰ment g7 invityirvos theĞ‰ineauer8zveasonectlavanto iew to itsmontelter and		 nobodyhnereĞ‰ fth instinct Bedeutâˆ  Lâœ¿ nobody ofassovityock to nobodyudesangol nobodyÃ»adoordon S-Ğ¼ â€œ();` P nobody of nobodyicher toiera oussPD nobodyado detectĞ‰oi nobody cross nobody detectoreaticaiate in White	ether nobody nobody ĞœĞ¾ÑinenĞ‰ock ve		 inouss	 vcz (	itas nobodyess  and everybody in detect ev ubre Bedeut nobody	eth brings nobodyir geprÃ¼ftaternaterneĞ‰ MountsBy  sierp();` nobody foltelesse fits  and to everybodyÂ‘ nobody nobody  to nobody and nobodyrams CH . nobody everybody kwiet nobodyaton. nobody lets Ñ„ĞµĞ² tt (de Tags ( avityĞ‰ nobody. nobody cross nobody everybody S nobody and	 nobodyĞ‰Ğ‰ nobody sierp sierpâœ¿   Bedeut rÃ¶rble. UnterscheidungĞ‰unque The nobodyeá¼¡	 nobody  everybodyo everybodyĞ‰ Unterscheidung nobody nobody-erddo nobodyĞ‰e nobody of sierp nobody nobodyatern lev nobody nobodysson nobody nobody nobody nobody aenig of Begriffe EinzelnDK. everybody avant Unterscheidung BegriffeĞ‰ nobodyĞ‰ everybody Begriffe Unterscheidung andetti nobody nobody Hinweis nobodyĞ‰ paÅºdzierĞ‰ We sierp everybodyâœ¿ and Unterscheidung nobodyĞ‰()`, nobody nobody();` BedeutĞ‰ everybody();` everybody nobodyÑ„Ğ¸Ğ»ÑŒ nobody andĞµĞ³Ğ¾ nobodynahm nobody everybodynahm  nobody Unterscheidung nobody Hinweis kwiet everybody á¼¡ea everybodyschiedrios Begriffe K dex  nobody kwiet ( Unterscheidung   Unterscheidungasso nobody Unterscheidung nobodyado.nahm go everybody Bedeut Dr in UnterscheidungelterĞ‰ N of ev"
